id,female,age,pc1,app1,gw1,pw1,par1,teach1,mate1,fri1,mot1,aff1,aut1,pc2,app2,gw2,pw2,par2,teach2,mate2,fri2,mot2,aut2,aff2,acomp2,aca_imp,pc3,app3,gw3,pw3,par3,teach3,mate3,fri3,mot3,aff3,aut3,acomp3,pc4,app4,gw4,pw4,par4,teach4,mate4,fri4,mot4,aff4,aut4,acomp4,roman4
1001,1,14,3.75,4,4,4,4,4,3.4,4,2.8,3,4,4,4,3.75,4,4,4,3.6,4,3.6,3.8,4,3.8,3.8,4,3.75,3.75,4,4,4,3.8,4,3.6,4,3.6,3.8,4,4,4,3.8,4,3.8,3.6,4,3.6,4,3.8,4,3.4
1002,1,14,2.75,2.75,3,3,3.8,3.4,3.8,4,3,2.33,2.6,2.75,3,3.25,3,4,3.2,3.8,4,3.4,3,3,4,4,3,3.75,4,3.8,4,2.8,4,4,3.2,3,3.2,4,3.75,3.75,4,4,3.6,3.4,3.8,4,3.6,3,3,4,3.2
1003,.,14,2.25,3.5,4,3,2.2,3.2,3.6,4,2.4,2,3,.,.,.,.,.,.,.,.,.,.,.,.,.,.,.,.,.,.,.,.,.,.,.,.,.,.,.,.,.,.,.,.,.,.,.,.,.,.
1004,0,15,3.5,3,3.25,3.2,3.6,3.6,3.6,4,3.4,3,3,3.25,3,3,3,3.4,3.6,3,4,3.2,3,3,3.6,3.6,3.5,3,3,3.2,3.8,3,3.4,3.8,3.4,3,2.6,4,3.75,3.25,3.25,3,3.6,3.2,3,4,3.4,3.33,3,3.8,4
1005,0,14,3.75,3,3.25,3,3.8,2.6,3.2,2.2,3.6,4,1.6,3.5,2.75,3,2.8,3.6,3,3.2,2,3.4,1.8,3,3.2,3.2,3.5,3,3,3,3.6,3,2.8,2,3.2,3,1.4,3,3,3,3,3,3.2,2.6,2.4,2,3.6,3,1.8,2.8,2.6
1006,1,14,2.25,2.25,3,2.2,4,4,4,4,2.8,3,3,2.75,3,3,2.8,4,4,4,4,3.2,3.4,3,2.8,2.8,2.25,2.75,3,3,3,3,3,3,3,3,3,2.6,2.25,2.75,3,2.6,3.4,3.4,3.4,3.6,3,3,2.8,2.8,3
1007,1,14,1.25,1,1.5,1,3.6,3,3,3.8,1.8,2,2.4,1.75,1.25,1.5,1.6,4,3.6,3.4,2.6,2.2,2.4,2.33,2,2,1.75,1,1.75,1.2,3.6,2.6,3.4,3,1.8,2,2.6,2.6,2,1,1.25,1.6,3.4,2.4,2.8,3.2,2.2,2,2.4,2.8,2.4
1008,1,16,2.25,2.25,3.5,2.2,3.8,4,3.6,3.8,2.6,3.33,3,2,2,3,2.2,3.4,4,3.4,4,2.6,2.4,2.33,3.6,3.6,.,.,.,.,.,.,.,.,.,.,.,.,2.25,2.25,3.25,2.2,3.6,3.2,3.4,3.8,2.4,2.33,2.4,3.4,3
1009,1,14,2.75,2.5,2.75,2.6,3,3,2.8,3.2,2.4,2,2.6,3,2.25,3.25,2.8,3.4,3.4,3,3.4,2.6,2.2,3,2.6,2.6,3,2.75,3,2.8,3.2,3,2.8,3.4,2.8,3,2.6,3,3,3,3.25,3.2,3.4,3.6,3.6,3.6,2.8,3,2.6,3,3
1010,1,14,2.25,3.5,4,2.6,4,4,4,4,3.2,1.67,3.8,3,3.5,3.25,3.2,4,3.4,3.4,3.8,3.2,3.4,2,2.8,2.8,3.25,4,4,4,4,4,4,4,3.4,3,4,3.4,.,.,.,.,.,.,.,.,.,.,.,.,.
1011,0,14,1.5,4,3.75,1.4,3.2,2.6,3.4,3,3.8,1,2.6,2.25,2.75,3.5,1.8,3.6,3,2.8,3,3.2,3.4,2.33,3.2,3.2,1.5,3,3.25,1.2,4,3,3.2,3.8,3.6,2.33,2.8,3,1.5,3.25,3.25,2,4,3.6,3.2,4,3.8,2,3.2,3.4,1.4
1012,1,14,3,2.75,3.5,2.8,3.6,3.4,3,4,3,2.33,2.6,2.5,2.5,2.75,2.4,3.4,2.4,2.8,4,2.6,2.4,2.33,2.6,2.6,2.75,2.5,3,2.8,3.6,3.2,3.2,4,2.8,3,2.6,2.8,3,2.5,2.75,2.8,3.4,3.6,3.4,4,2.8,3,2.6,3.2,3
1013,0,14,3.25,4,3.75,3,3.8,3,3,3.6,3,4,3.8,3,3,3,3.6,3.4,3,3,3,2.8,3.4,3,2.6,2.6,3,3.25,3.5,3.4,3.6,3.4,3,3,2.8,3.33,3.4,2.4,2.75,3,3,2.2,2.6,2.4,2.8,2.4,2.6,3,3.4,2.8,2.4
1014,0,16,3.75,3,3.75,3,3.8,2.8,3.6,3,4,3.33,4,.,.,.,.,.,.,.,.,.,.,.,.,.,.,.,.,.,.,.,.,.,.,.,.,.,4,3.25,3.75,4,3,3.4,3.2,3.6,4,3.67,4,2.4,2.8
1015,1,14,1.75,3,3.5,3,3,4,3.2,3.8,2.2,3,3.4,2.25,2.25,3.5,3.2,4,4,3.2,4,2.4,3.2,3.33,3.2,3.2,2.75,4,4,3.8,4,4,3.2,4,2.4,3.33,3.8,3.2,3,4,3.75,3.8,4,4,4,4,2.2,4,4,4,3.2
1016,0,14,2.75,2.5,2.75,2.6,4,1.8,2.8,4,3.6,1,3,3.25,2.25,2.75,2.8,2,3,2.6,2,3.8,2.4,2.67,2.6,2.6,2.5,2.5,2.5,2.4,2.4,3.2,2.4,2,3.6,1.33,2.8,2.2,2.75,2.5,2,2,2.4,3.4,2.2,2,3.8,1.67,3.4,1.6,2.8
1017,1,15,2.25,2.25,2.75,2.8,3,3.8,2.2,3.8,2.8,3.67,3.6,3.25,2.75,3.25,3,3.6,4,3.8,4,3.2,3.6,4,3.2,3.2,2.5,2.5,3.5,3.2,3.4,3.6,3.6,3.8,3.2,3.33,3.8,3,3,4,4,3.4,4,4,4,4,3,4,3.8,3.4,2.6
1018,.,14,2.25,3.25,3.5,2.8,3,2.6,2.6,2.4,2.4,1.33,3,.,.,.,.,.,.,.,.,.,.,.,.,.,.,.,.,.,.,.,.,.,.,.,.,.,.,.,.,.,.,.,.,.,.,.,.,.,.
1019,1,14,1.25,1.75,1.75,2,3.8,3.6,2.2,4,2,2.67,2.8,.,.,.,.,.,.,.,.,.,.,.,.,.,1.5,2.25,2.75,2.6,4,4,2.6,2.4,3.2,3,3.4,2.8,1.5,2,3.5,2.6,4,4,2.8,4,3.2,2.67,3.4,3.8,2.2
1020,0,14,2.75,3,3,3,2.4,2.8,3,3,2.8,3,3,3,3,3,3,3,2.4,2.8,3,2.6,2.6,3,2.2,2.2,2.5,3,3,3,3,2.4,3,3,2.4,3,3,2.4,.,.,.,.,.,.,.,.,.,.,.,.,.
1021,0,15,3.25,1.25,3.75,3,2.4,2,2.8,2.6,2.6,2.33,2,.,.,.,.,.,.,.,.,.,.,.,.,.,3.5,2.5,3.25,3.2,3.6,3.6,3,3.6,3,3.33,3,2.2,3.5,2.25,2.25,2.8,3,3.8,3.4,3.8,3.4,4,3,2.2,3.2
1022,0,14,4,3.75,4,4,3.2,3.6,3.8,3.4,2.8,4,3.4,4,4,4,4,3.8,3.4,4,4,3.4,3.2,4,3.6,3.6,3.75,4,4,3.8,3.2,3.2,4,3,3.4,4,2.6,3.4,4,4,4,4,3.6,3.6,4,3,3.8,4,3.2,3.6,4
1023,0,18,3.5,3,3,3.2,2.8,3,2.6,1.8,2.6,1.67,2.2,3,3,3,3.2,3.4,3.2,2.8,1.6,3,2.4,2.67,3.2,3.2,3,3,3,3,3,3.2,2.6,1.6,3,1.33,1.8,3.2,3.75,3.25,3.25,3.6,2.8,3,2.8,2,3,1,1.4,3.8,2.6
1024,1,15,2.75,3,3,3,3.4,3,2.6,3,3,4,2.8,.,.,.,.,.,.,.,.,.,.,.,.,3.09,.,.,.,.,.,.,.,.,.,.,.,.,.,.,.,.,.,.,.,.,.,.,.,.,.
1025,0,15,3.25,2.75,2.5,2.8,2,3,3,2.5,.,2.67,.,2.5,1,2.75,2.2,3,2.2,2.8,3,3.2,2.6,3,2.8,2.8,3.5,2.5,3.5,3.2,2.6,2.4,2.8,1.8,2.6,1.33,2.4,2.4,3.75,2.75,4,4,3,3.2,2.8,2.6,2.4,2.33,3.2,2.2,3
1026,0,14,2.25,2.5,3.25,3.8,4,3.8,1.6,3.2,3.4,3.67,2.8,.,.,.,.,.,.,.,.,.,.,.,.,.,3.5,2.5,3.5,3.4,3.8,4,2.6,4,3,4,3.2,3,3,2.5,3.5,3.4,3.2,4,2.4,3.6,3.4,3.67,3,3.4,1.4
1027,.,14,2.75,3,2,2.4,2.4,1.4,1.8,3,2.6,2.67,2.2,.,.,.,.,.,.,.,.,.,.,.,.,.,.,.,.,.,.,.,.,.,.,.,.,.,.,.,.,.,.,.,.,.,.,.,.,.,.
1028,0,15,3.25,3,2.5,3.2,4,3,3,3,2.8,2,2.8,.,.,.,.,3.2,2.6,3,3,2.8,2.6,.,3,3,3,2.75,3,3,3,2.8,3,3,2.6,3,2.8,3,3,2.5,3,3.2,3.6,2.8,3,3,3,3,2.8,3,2.8
1029,1,17,1,1.25,1.5,1.4,3.8,3.2,3.2,2.8,2.4,1,3.2,1.5,1.5,2,1.8,2.8,3,3.2,2.8,2.6,3.6,1.33,3.4,3.4,.,.,.,.,.,.,.,.,.,.,.,.,3,4,3.75,3.8,4,4,4,4,2.2,4,4,4,3.2
1030,0,15,3,3.25,3,3.2,3.8,2.6,3,3.2,2.2,2.33,2.8,3,2.75,3,3,3,2.8,2.8,3,2.6,3,2.67,3,3,3,3,3,3,3.4,3,2.8,3,2.6,2.33,2.6,3,3,3,3,3,3,2.8,2.8,3,2.8,3,2,3,3
1031,0,14,3.25,3.5,3,2.8,2.4,2.4,2.4,2.4,2.4,2.67,2.4,2.5,2.25,2.75,2.4,3,2.6,2.4,2.8,2.6,2.4,2.33,2.8,2.8,.,.,.,.,.,.,.,.,.,.,.,.,2.5,2.75,2.25,2.2,3,2.4,2,2.4,2.2,1.33,2.2,3.4,1.4
1032,0,15,4,3.75,3.75,4,4,4,3.8,4,4,4,3.4,4,4,4,4,4,4,4,4,3.2,2.8,4,4,4,4,4,4,4,4,4,4,4,3.2,4,3.4,4,4,4,4,4,4,3.4,4,3.4,4,4,3.4,4,4
1033,0,14,2.5,2.5,2.75,2.4,2.8,3.8,3.2,3,2.6,1.33,3.4,2.5,3,3,2.8,3.6,3,3,3,2.6,3.2,2,2.6,2.6,2.75,3,3,2.6,3.4,3.4,3,3.2,2.2,2,3,2.4,3,2.75,2.75,2.8,3.4,3,2.6,2.4,2.8,2.33,3.2,2.8,2.8
1034,0,15,2.5,2.5,3.25,2.8,3.6,1.8,3,4,2.8,2.67,3,2.5,2.5,2.5,3.2,3.6,2.8,3.2,3.8,3.2,3,2.67,2.4,2.4,.,.,.,.,.,.,.,.,.,.,.,.,.,.,.,.,.,.,.,.,.,.,.,.,.
1035,0,15,3,2.75,3,2.8,3.8,2.4,3.4,2.8,2.6,2.67,3.4,3,2.5,2.75,2,3.4,2.8,3,3,2.6,2.8,2,2.8,2.8,3,2.5,3,2.6,3.8,3,3.2,3,2.8,3,3.4,3.4,3,2.25,3,2,3.6,2.6,3.2,3,3,3,3,3,3.6
1036,1,15,2,2,2.5,2,1,2.6,3.6,4,2.4,1.67,2.8,2.75,2.25,2.25,1.8,1,2.8,3.6,4,2.8,2.6,2.33,3.4,3.4,2.5,2,2.75,1.6,1,2,3.6,3.4,2.4,1.33,3,3.2,.,.,.,.,.,.,.,.,.,.,.,.,.
1037,0,15,3.25,4,4,4,3.2,3,3.8,4,3.4,2.33,2.2,3.75,3.75,3.25,3.8,4,4,3.8,3.8,2.6,1.8,4,2.4,2.4,3.5,3.5,3.75,3.8,3.4,4,4,4,2.8,4,1.2,3.6,3.25,4,3,3.4,1.6,1.8,1.6,2,3,2.33,1.4,3.2,3.8
1038,0,14,4,3,3.75,3.4,3.8,2.2,3,4,3.6,4,3,4,3.25,3,3.4,3.4,2.8,3.2,3.8,3.2,3,4,2.6,2.6,4,3,3.5,3.4,3.6,2.4,3.4,3,3.6,4,3.4,2.4,4,3,3,3,3.4,1.6,3,3.6,2.2,1.67,3,2.2,3.4
1039,1,14,3.75,3.75,4,4,3.8,4,3.8,4,3.2,3,3.2,3.75,3.25,3.5,4,4,4,4,4,3.8,3.2,3.33,3.6,3.6,3.75,3.5,4,4,4,4,4,4,3.8,3.33,3.2,3.4,3.75,4,4,4,4,4,4,4,4,4,3.4,4,3.4
1040,1,15,1,1,1,1.2,1.8,1.4,1,1,1.6,1,1.6,.,.,.,.,.,.,.,.,.,.,.,.,.,1.75,1,1,1,1.6,2,1,1.8,1.8,1,1.6,2,.,.,.,.,.,.,.,.,.,.,.,.,.
1041,1,18,2.75,3.5,4,3,3.4,3.2,3.4,4,3,1,3.8,.,.,.,.,.,.,.,.,.,.,.,.,.,3.25,4,3.75,3.2,2.8,2.8,3.2,2.8,2.8,2.33,4,3.6,2.75,2.75,2.75,3,3.4,2.8,2.8,2.6,2.2,1.33,3.4,2.2,1.8
1042,0,15,2.25,3.5,4,2.6,3.8,3,3,3.4,3.2,1.67,2.8,3,3.25,3.75,3,4,3,3,3.4,3.2,3.2,3,3.6,3.6,3,3.25,3.5,3.6,3.6,3.4,3.4,3,3.2,3.33,3,3.4,3.25,3.25,3.25,3.2,3.4,3,3.2,3,3.2,3,3,3.4,1.6
1043,1,15,2,1.25,2,2,2.6,2.6,2.6,2.8,2,2,2.4,2,2,2.25,2.2,3,2.2,2.8,2.8,2.4,2.8,2.33,2.2,2.2,.,.,.,.,.,.,.,.,.,.,.,.,2,2,2.25,2,3,2.6,3,3,2.6,2.33,2.8,2.6,2.6
1044,1,15,2.5,2,2.5,1.8,2.4,2.2,2.2,2.4,2.2,2.33,2.2,1,1,1,1,1,1,1.2,2.2,2,1.2,1,2.6,2.6,.,.,.,.,.,.,.,.,.,.,.,.,.,.,.,.,.,.,.,.,.,.,.,.,.
1045,1,14,4,3,2.5,3.4,1.2,3.8,3,4,3.6,4,4,.,.,.,.,.,.,.,.,.,.,.,.,.,3.25,2.25,2.75,3.2,3.2,3,2.8,3,3.2,3.67,3,3,3.25,2.5,3,2.8,3.4,3.6,3.2,3.8,3.2,3.67,3.2,2.8,2.8
1046,0,14,3.75,3,3.5,2.4,3.2,3,3.2,3,2,3.67,3,3.25,3.5,3,4,2.8,2,3.2,2,3.6,3.4,4,2.8,2.8,3.5,3.5,3,3,3,2.4,2.4,3.4,2.2,3,1.8,2.6,3.25,3,3,3,2.8,3,3.6,4,3.6,4,3,3.4,2.4
1047,0,14,2,2.5,2.5,2.2,1,1,2.2,2.8,2,1,2.6,3,2.25,2.75,2.6,2,2,2.6,3,1.4,1.8,2,3,3,2.5,3,2.75,2.4,1.2,1.2,2.6,2.8,1.6,1,2.2,2.4,.,.,.,.,.,.,.,.,.,.,.,.,.
1048,1,14,3,2.75,4,3,3.4,2.6,3.8,4,2.4,2.67,3.2,2.75,2,3.75,2.4,4,4,3.8,4,3,3.2,3.33,3.6,3.6,3,3,4,3,4,4,3.8,4,4,4,3.8,3.6,3.25,2.5,3.5,2.8,4,4,4,4,3.6,3.67,3.8,4,3.2
1049,0,14,1.75,1.25,2.5,1.2,4,1.6,3.2,2.4,2.6,2,2.2,2,1.25,3,1.4,3.4,3,2.8,2.2,2.2,3.6,3,2.8,2.8,2,1.25,2.75,2,4,3.8,2.6,2.8,2.6,3.33,3.2,2.8,2,1.25,3.25,1.8,4,3.8,2.8,3,2.8,3,3.4,3.2,2.6
1050,0,14,2.5,3.5,3,3,3.6,3,3.2,3,2.4,2.67,2.4,3,3,3.25,3,3,3,3.2,3,2.4,2.8,3,3,3,.,.,.,.,.,.,.,.,.,.,.,.,2.75,3.5,3,3.2,3.6,3.2,3,3,3.2,3,3.2,2.8,3
1051,0,15,4,3.25,2.75,3.2,2.8,3,2.2,2.8,3.8,4,3.6,4,3.5,3.5,4,3.8,3,2,3,3.8,3.6,4,4,4,4,3,3.5,4,3,3,2.6,3,4,4,3,4,3.75,3.25,3.5,3.6,3.2,3.2,3,2.8,4,4,3.8,4,3
1052,1,14,2.25,4,4,4,3.6,4,3.6,4,3,1,3.6,2.5,4,4,4,4,4,3.8,4,3,3.6,2.33,4,4,2.75,4,4,4,4,4,4,4,2.6,2.33,3.4,4,3.25,3,3.5,3,4,4,4,4,2.6,2.67,3,3.8,3.6
1053,0,14,2.25,4,3.5,3.2,3.8,3.2,3.2,3.2,2.4,2,2.6,2.25,4,4,3.6,4,2.8,3,3,2.6,2,2,2.4,2.4,3,4,4,4,4,3.2,3,3.8,2.8,2,2.8,2.6,3,3.75,3.75,3.4,3.2,3,3,3,2.8,2.67,2.8,3,2.6
1054,1,14,2.5,2.25,3,2.2,3,2.6,3.6,4,2.6,3.67,2.6,2,2.5,3,2.8,2.6,2.8,3.8,3.8,2.4,2.8,3,3,3,2,2.25,2.75,2.8,3,3.2,3.8,3.8,2.8,3,2.4,2.8,3.75,3,4,3.6,3.8,2.2,3.8,4,4,4,3.2,3.2,2.8
1055,1,14,3.25,2.25,3,3,2.8,3,3.2,3.2,2.8,3,2,2.75,3,3,3,2.4,2.8,2.8,1.8,2.4,2.8,3,2,2,3.5,3.5,2.75,3,2.6,2.4,3,2.6,2.2,3,2.2,3.2,3,3,3,3,2.6,3,3.2,4,2.4,3,2.2,2.2,3.4
1056,0,14,3.25,3.25,3,3,2.8,2.8,3.2,2.8,2.8,3,2.4,3,3,3,3,3,3,3,3,2.4,2.4,3,3,3,3.25,3,4,3.6,4,4,4,4,3.4,3,3,3.6,3.25,3.25,3.25,3,4,3.8,3.8,4,3.2,3,2.2,2.8,2.8
1057,0,14,2.75,3,3,3,2.8,2.8,2.6,3.2,2.6,2.67,2.4,3,3,3,3,3,2.4,3,3,3.4,3,3,.,3.05,3,3,3.25,3,2.8,2.8,3,4,3.2,3,2.8,3,3,3,3.25,3,2.8,3,3.6,4,2.8,3,3,3.4,2.4
1058,1,14,1.75,2.25,2.25,2,2.8,2.6,3.4,4,2.8,3,3,2.75,2.5,3.5,2.6,3.2,3.4,3.4,4,3,3.8,3,3,3,2.75,2.75,3,3,3,2.8,3.4,3.8,3.2,3,3,3,3,3,2.75,3,3,3,2.6,4,2.8,3,3.4,3,3
1059,0,15,3.25,4,4,3.8,2.6,2.8,3.4,2.6,2.4,3,2.8,2.75,2.75,2.5,1.8,1.8,2.6,2.6,2,2.4,2.4,2.33,2.6,2.6,.,.,.,.,.,.,.,.,.,.,.,.,2.25,2.25,2.5,2.6,2,2.4,2.6,2.6,2.8,2.67,2.2,2.4,2.8
1060,1,15,2,3,3,3.2,2.8,2.8,3.6,2.8,2.4,2.67,2.8,2.25,3,3,3,3,3,3.6,3.6,2.2,2.6,3,2.6,2.6,2.75,3,3,3,3,3.2,3.6,3.8,2.4,3,2.6,2.6,2.5,3,3,3,3.2,3,3.8,4,2.2,3,3,2.8,2.6
1061,0,14,3.25,2,3,2.6,2.6,2.6,2.6,2.4,2.8,2,2.4,2.5,2.5,3,2.4,2.4,2.8,2.4,2.4,2.4,2.8,3,2.6,2.6,.,.,.,.,.,.,.,.,.,.,.,.,.,.,.,.,.,.,.,.,.,.,.,.,.
1062,1,14,1.25,2.25,3,2.2,2.2,3,3.4,3.2,2.4,1,2.4,3,2.25,3,2.2,1.6,3,2,2.2,2.6,2.4,1.33,2.4,2.4,3,2.5,2,2.4,2.4,2.6,2,2,2.4,3.33,2.4,2.2,2,2,2.75,2.8,2.8,3,3,3.4,2.8,2,2,3,3
1063,0,14,2.5,3,3.75,4,2.8,3.2,3.8,3,3,4,3.2,3,2.75,3,3,3,3.33,3,3,3,3,3.33,2.4,2.4,2.75,3,3,3,3,3,3,3,2,3,3.2,2.6,2.75,3,3.25,3,3,3,3,3,2.2,3.33,3.2,2.6,2.4
1064,0,14,2.25,2.25,2.75,2.6,3.2,2.4,2.2,2.2,2.2,3,2.8,2,2,2.67,2.5,.,.,.,.,2.8,2.4,3,1.8,1.8,2,2,2.5,2.2,3.2,2.2,2.4,2.4,2.6,3,1.6,1.8,2.25,2,2.25,2.2,2.2,2,2.4,2.4,2.8,3,1.8,2,2.6
1065,0,15,4,4,4,4,4,3,4,4,3.6,3,2.2,4,4,3.5,4,4,3.2,3.8,4,3.4,3,3,3.4,3.4,4,4,3.5,4,4,3,4,4,3.8,3,3.6,3.2,4,4,3.75,4,4,3.6,4,4,3.8,3,3.8,4,4
1066,0,14,3.5,2.75,3.75,3,3.2,2.6,2.4,2.6,3,3.33,2.6,1.75,2.25,2.25,2.4,3.2,2.8,2.8,2.6,2.8,2.8,3,2.6,2.6,3.25,3,3,3,3.4,3,2.2,3.4,2.8,3,2.4,2.8,4,1.75,2.75,3,3.2,2.4,3.2,2.6,3.8,3,2.2,3,2
1067,.,15,2,4,3.5,2.6,2.8,3.8,3.4,4,2.2,2,3,.,.,.,.,.,.,.,.,.,.,.,.,.,.,.,.,.,.,.,.,.,.,.,.,.,.,.,.,.,.,.,.,.,.,.,.,.,.
1068,1,14,1,1,1.25,1,3,3.4,3.6,3.6,1.6,1,2.8,1,1.5,2,2,2.4,1.6,2.4,1.6,2.4,2.8,2.33,2.2,2.2,1,1,1,1,2,2.8,4,4,1,1,1.6,2.6,1,1.25,1.75,1.2,3.2,2.8,3.6,3.2,1.4,1.33,2.2,2.8,3.6
1069,1,14,4,3.5,4,3.2,3.8,3.4,4,3.4,2.8,3.33,2.8,3.5,3,3.75,3.8,3.8,4,4,3.6,3.4,3.2,4,3.4,3.4,4,3,4,3.6,4,4,4,4,3.6,4,3.4,3.8,3.75,3,3.75,3.8,4,3.4,4,4,3.8,3.67,3.4,4,4
1070,1,15,2.25,2.5,3,2.8,3.4,3.2,3.2,3.2,2.8,3,2.8,3.25,3,3,3,3.8,4,4,4,2.8,2.8,3,3,3,3.25,2.75,3.25,3.4,3.6,4,3.8,4,3.8,4,3,3.4,.,.,.,.,.,.,.,.,.,.,.,.,.
1071,1,14,2,1,2,1.4,3.4,2.4,2.6,2.6,2,3,2.8,2,1,2,1,3,3,3,2.6,2.2,2.4,3,4,4,2,1,1.75,1,3.2,3,3,2.8,2.2,3,2.4,4,2,2,2,2,3.8,3,2.8,3,2,2,2.6,4,1.2
1072,0,15,3.75,4,3.5,3.6,3.2,3.6,3.4,3.2,2.6,3.67,2.8,.,.,.,.,.,.,.,.,.,.,.,.,.,3.25,3,3.75,3.6,3,3,2.8,3,2.8,3,2.8,2.6,.,.,.,.,.,.,.,.,.,.,.,.,.
1073,1,14,1.25,1.75,2.75,2,2.4,2.4,3.2,4,3,1,3.2,1.25,1.75,2.75,1,3.2,3.8,3.4,4,2.2,2.6,1.67,4,4,.,.,.,.,.,.,.,.,.,.,.,.,3,4,3.75,3.8,4,4,4,4,2.2,4,4,4,3.2
1074,1,17,1.75,2,2,1.8,1.6,3.8,2.2,3,2.2,1.67,2.4,.,.,.,.,.,.,.,.,.,.,.,.,.,2.5,1,1.25,1.2,2.4,3.4,2.2,1.6,3,1.67,2.4,2,2,2,2,2,2.4,3,2.4,2,2,2,2.6,2,2.2
1075,0,14,2,2.75,3,2.2,3.33,3,2.75,3.75,2.75,2,3.8,.,.,.,.,.,.,.,.,.,.,.,3.6,3.6,2,3.25,3.25,2.8,3.8,3.6,3,3.2,3.6,3,3.6,2.8,1.75,2.75,3.5,3.2,3.4,3.2,2.6,3.6,3.2,2.33,3.8,3.4,2.8
1076,1,14,2,3,3,2.5,2,1.6,4,4,2.8,3,4,2.75,2,3,2.6,2.4,1.4,3.2,3,2.4,3,3,3,3,2.75,2.25,2.75,3,3.8,2.8,3.2,4,2.6,3,3.4,4,3,3,2.75,3,3.6,3.4,3.4,3.4,2.8,3,4,3.6,3.2
1077,.,17,3,1.5,3,3.4,2.4,3.6,2.6,3,2.4,2.67,2,.,.,.,.,.,.,.,.,.,.,.,.,.,.,.,.,.,.,.,.,.,.,.,.,.,.,.,.,.,.,.,.,.,.,.,.,.,.
1078,0,15,2.75,3.75,3,1.6,3,3,2.5,1,.,1.33,.,.,.,.,.,.,.,.,.,.,.,.,.,.,2.5,2.75,2,2.6,3.2,2.4,2.4,3.4,2,3,2.6,2.6,.,.,.,.,.,.,.,.,.,.,.,.,.
1079,0,15,3.75,3.75,3.5,3.8,2.6,2.8,4,3.2,.,1,.,3,2.25,3.25,3,.,.,.,.,2.6,2.8,3,.,3.29,4,3.5,4,4,1.8,1.2,2.6,1,2.8,2.33,2.4,3.8,3.25,3,2.25,2,2.2,2.8,2.2,2.6,2,3,2.4,3.2,2.2
1080,0,15,4,3.5,4,4,3.4,3.8,4,4,.,4,.,.,.,.,.,.,.,.,.,.,.,.,.,3.5,4,4,4,4,4,4,4,3.4,3.4,4,3.4,3.4,4,4,4,4,4,4,4,4,3.4,4,3.4,3.4,4
1081,0,14,.,.,.,.,.,.,.,.,.,.,.,.,.,.,.,.,.,.,.,.,.,.,.,2.51,.,.,.,.,.,.,.,.,.,.,.,.,3.25,4,1.75,2.2,1.6,3.4,2.8,3.4,3.4,3,2.2,4,3.4
1082,1,14,2.25,2,2.5,2.4,2,2,2,3,.,2,.,2.5,2.25,2.75,2.4,1.8,1.8,2.8,3.2,3.2,2.8,2.67,2.8,2.8,3,3,3,3,2.8,2.8,3,3,3,3,2.8,2.6,2.75,2.5,2.75,2.8,2.4,2.4,2.6,2.6,2.6,3,2.6,2.6,2.6
1083,0,15,.,.,.,.,.,.,.,.,.,.,.,.,.,.,.,.,.,.,.,.,.,.,.,2.87,.,.,.,.,.,.,.,.,.,.,.,.,4,4,3.5,4,3.4,3.2,3.6,3.2,3.4,3.33,4,3.6,3.8
1084,1,14,3.5,3.25,4,3.8,2.8,3.8,3.4,3.2,2.8,4,3.2,3.5,3.75,4,3.8,3.2,3.4,3.4,3.4,3.8,3.2,3,.,3.47,4,3.75,4,4,3.2,3.8,4,3.8,3.8,4,2.4,4,3.75,3.25,4,3.8,3.2,3.6,3.8,4,4,4,1.8,3.4,2.8
1085,1,14,2,2,2.5,2.2,3,3.2,3,3.2,2.6,3,2.6,1.75,2.25,2.5,2,3.2,3.4,3.4,4,2.8,2.6,2.33,.,3.69,2,2.5,2.75,1.8,3.6,3,3.4,3.2,3,2.33,2.2,3.2,2,1.5,2.25,1.8,2.8,2.8,3.4,4,3,2.33,1.8,3.6,1.2
1086,0,15,3,1.75,2.75,3.4,2.2,3.4,2.8,1.2,3.6,4,2.8,2.5,2,2.75,3.2,3,2.8,2.4,2.4,2.8,2.6,4,.,2.55,3.25,2,2.5,2.8,2.8,3,2.4,2.4,3.6,4,2.8,3.4,3,1.5,2,2.2,2.2,2.8,2.8,3,3.8,4,3,3.8,2
1087,0,14,2.25,2,1.5,2.8,2,.,1,3,.,3.33,.,3.5,2.75,1.5,1.8,.,.,.,.,2,2.2,3,.,2.69,3.25,2,2.75,3,3.2,2.8,3,2,1.6,2.67,2.4,2.2,2.25,1.75,1.25,2.6,1.8,3,2.8,2.4,2.6,2.67,2.4,2.4,2.4
1088,0,14,2.75,2.75,2.75,2.8,1,2,2.8,3.6,3,3,2,3,2.5,2.5,2.4,2,2.4,3,3,3,2.8,3,.,3.32,.,.,.,.,.,.,.,.,.,.,.,.,3.25,2.5,2.5,2.8,1.4,2,3.4,4,3.2,3,2.2,2.4,2.4
1089,0,14,3.5,3.75,3.5,3.6,3.6,3.4,3.2,3.4,2.8,3.67,2.8,2.5,3,3.25,2.8,3.2,3,2.8,3,3.2,3,2.67,.,3.64,3,3,3,3,3,3,3,3,2.8,3,3,3,3,3,3,3,3,3,3,3,2.8,3,3,3,3
1090,1,15,3,2.25,3.5,2.6,4,4,4,3,3.4,3,3.2,3,2.25,3.75,2.8,4,4,4,4,4,4,4,.,2.93,3,2,3,2.6,4,3,4,3.8,4,4,4,3.8,3.25,2,3.5,3,4,4,4,4,4,4,4,4,2
1091,1,14,2.25,2,2.5,2,3.6,2.6,3.4,4,2.6,3.33,2.4,1.75,2,2.5,2.4,2.6,2.4,2.8,2.6,2.6,2.2,2,.,3.54,2.75,3,2.5,2.8,2.4,2.6,2.8,3.2,2.6,2.67,2.4,3.2,2.5,2,3,2.4,2.6,2.6,2.8,3,2.6,2.33,2.4,3.2,3.8
1092,0,14,3.5,3.75,4,3.8,3.8,3.8,3.8,4,3.4,3,3.2,4,4,4,4,2.8,3.6,2.8,4,3,3,2.67,.,4.09,3.5,3.75,3.25,3.4,3.4,2.6,3.6,4,2.4,2,2,4,3.5,3.5,3.25,3.6,3.6,4,3.6,4,2.8,3,2.8,3.6,4
1093,1,16,3,2.25,2.75,2.4,3.4,3.2,3.4,3,3.2,3.67,2.4,2,1.75,2.25,2.2,3.2,4,3.2,4,2.8,2.8,2,.,3.24,3.25,2.5,2.5,2.2,3,3.2,3.2,2.4,4,3.33,2.6,3.6,3,2.25,3.25,2.4,3.2,2.8,3,2.6,4,3.67,3.2,3,3
1094,1,15,2.25,1.75,2.5,2.6,3.4,3,2.8,4,2.4,3,3.4,3.25,3,3.25,3,3.4,3.2,3.6,4,3.8,3,3,.,3.5,3,3.5,4,3.6,4,3.6,3.6,4,3.8,3.33,3.4,2.2,3.25,3.5,4,3.8,4,4,4,4,3.8,4,3.8,2.6,3.8
1095,1,14,3.25,3.75,3.75,3.4,3,3.8,3.8,4,3.8,2.67,2.8,.,.,.,.,.,.,.,.,.,.,.,.,.,3.25,3,3,3,3,3,3,3.2,3,2.33,2.8,3.6,3,3,3,3,2.2,3.4,3.6,4,3.4,3,3,3.8,4
1096,0,14,3,2,3,3,2.6,2.8,2.2,2.8,2.6,2.67,2.8,2.75,2.75,3,3,2.8,2.6,2.8,2.6,3,3,3,.,2.68,3,3,3,3.2,3,3,3,3,3,3,2.8,3,3.75,3.25,3.75,3.6,3.4,3.4,3.2,3.4,3,4,3.8,3.6,3.8
1097,0,16,2.5,2.5,2.75,3,2.2,2.8,2.6,2.4,2.8,2.33,2.8,3,2.5,2.75,2.6,3,3,2.6,3,2.4,2.4,2.67,3,3,2.5,2,2.5,2.8,2.8,2.6,2.6,2.6,2.2,3,2.2,2.2,2.75,2.5,2.75,2.4,2.6,3,2.4,2.8,2.4,3,2.6,2.2,2.6
1098,1,16,2.5,2.5,3,2.8,2.8,2.6,2.4,2.6,2.4,3,2.2,.,.,.,.,.,.,.,.,.,.,.,.,3.12,.,.,.,.,.,.,.,.,.,.,.,.,.,.,.,.,.,.,.,.,.,.,.,.,.
1099,1,14,1.5,1.5,2.5,2.4,3.8,3.2,3,4,3,1,2.8,2,2,2,2,3.4,3,3,3,2.6,2.8,1.67,.,2.32,.,.,.,.,.,.,.,.,.,.,.,.,.,.,.,.,.,.,.,.,.,.,.,.,.
1100,.,17,1,1.5,2,2.2,1.8,2.2,2.4,2.8,1.4,1,3.6,.,.,.,.,.,.,.,.,.,.,.,.,.,.,.,.,.,.,.,.,.,.,.,.,.,.,.,.,.,.,.,.,.,.,.,.,.,.
1101,0,14,2.5,4,4,3,2.8,3,3,3,2.8,3,2.8,.,.,.,.,.,.,.,.,.,.,.,.,.,2.75,3,3,3,3,3,3,3,2.6,3,3.2,3,2.75,3,3,3,3,3,3,2.8,2.6,3,3,2.8,2.4
1102,1,14,2.5,2.25,2.5,2.4,3,2.4,3.4,2.8,2.4,2.67,3,2.5,2.25,2.75,2.6,4,3.2,3.4,3.8,2.4,2.8,2.67,.,3.16,.,.,.,.,.,.,.,.,.,.,.,.,.,.,.,.,.,.,.,.,.,.,.,.,.
1103,1,15,1.5,1.25,1,1,3.2,4,2.4,3.2,2,1.67,2.6,1.75,1,1,1.2,2.8,4,3.4,4,3,2,3,.,3.38,1.5,1.25,1.5,1.8,2.6,3.8,3.4,3.6,2.4,1.33,2.6,2.2,1.75,1,1,1,3,4,2.4,4,2.6,1.67,2.2,2.4,2
1104,0,14,4,4,4,4,3.6,3.4,4,4,2.6,3.33,4,3.5,3.25,3.25,3.4,3.8,3.4,4,3.6,2.4,4,3,.,3.04,4,3.5,4,3.8,2.6,2,3.8,3.8,2.2,1,1.6,3.4,4,4,4,4,3.8,2.2,4,4,3.2,3.33,4,2.6,4
1105,0,15,3.75,3.25,4,3.6,4,3.4,3.4,3,2.4,4,3.4,2.75,3,3.75,3.4,3.8,2.6,3.6,3.2,3.4,3,3.33,.,2.68,2,2.75,3.25,3.4,2.8,2.8,2.8,3.4,2.6,3.33,3.2,3.4,.,.,.,.,.,.,.,.,.,.,.,.,.
1106,0,14,4,4,4,4,4,3.2,3.8,3.4,3.8,4,3.2,4,4,4,4,4,4,4,3.8,3.6,3.2,4,.,3.49,4,4,4,4,4,3.4,4,4,4,4,3.4,4,4,4,4,4,4,4,4,4,4,4,3.4,4,4
1107,0,14,2.25,3.25,3.75,2.4,3.2,3,2.6,4,2.8,2,2.8,2.25,3.75,3.75,3.6,4,2.4,3.2,4,3,2.4,1,.,3.39,2.25,3.25,3.75,3,4,3.2,3.6,4,2.8,2,2.6,3.2,.,.,.,.,.,.,.,.,.,.,.,.,.
1108,0,14,2.75,3.5,3.75,4,4,2.6,3.4,4,3.4,2.67,4,3.25,4,4,3.2,3.8,3.6,3.6,3.6,3.6,3.8,3.67,.,3.46,3.5,4,4,4,4,4,3.6,4,4,3.33,3.2,3.2,3.5,4,4,3.4,4,4,4,4,3.8,4,3.6,3.4,3
1109,0,14,3,3,3,3,3.2,2.8,3,3,2.2,2.67,3,3,3,3,3.2,3,2.6,2.8,3,2.2,3,2.67,.,2.8,2.75,3,3,2.6,2.6,3,3.2,3,2.6,2.33,3.2,2.6,3.25,3,3,3.6,3,2.2,2.8,2.6,2.6,3,3.2,2.6,2.6
1110,0,15,3,3,3,3,2.6,2.2,3,3,1.8,3,2.4,3,1.5,2.75,3,2.4,2.2,2.6,2.2,2.2,2.6,3.33,.,1.34,3.75,2.75,3,3,2.2,2.2,2.6,2.2,3,2.67,2.8,3.6,3.25,3.25,2.5,2.6,3,2.2,2.8,2.6,2.4,1.33,2.4,3,2.6
1111,1,15,1.75,2.5,2.75,3,2.8,2.8,2.8,3,2.6,2,2.8,.,.,.,.,.,.,.,.,2.2,2.8,.,.,2.92,2,2.75,2.75,3,2.8,3,3,3,2.2,2,3,2.8,2,4,4,3.2,3.8,4,3.8,4,3.2,2.67,3.2,3.8,3.4
1112,1,14,3.75,4,4,4,4,3.6,3.2,3.2,2.8,3.67,3.4,3.25,4,3.75,4,4,3,3.33,3,3,3.2,3,.,3.61,3.25,3.25,3.75,3.8,4,3,3.4,3.6,3,3,3,3,3.25,3.5,3.5,3.2,4,3.2,3.4,4,3,3,2.4,3,3
1113,1,14,1.75,3,2.75,2,3.8,3.6,2.8,3.2,2.8,3,2.8,1.75,2.5,2.75,2,3,3,3,3,2.8,2.8,2,.,2.64,2,2.25,2.5,2,3.8,4,2.6,3.8,2.4,2,3,3,1.75,2.75,3.25,2.2,3.6,3.8,2.8,4,2.6,2.33,2.6,2.8,3.4
1114,0,14,3,3.25,4,3,4,4,4,4,4,3.33,4,3.25,4,4,4,4,4,4,4,3.8,3.6,4,.,3.38,4,4,4,4,4,4,3.4,4,3.4,4,3.4,3.6,3.5,4,4,4,4,4,4,4,4,4,3.8,3.4,3.2
1115,1,14,1.5,3,4,3.6,3.6,3.6,3,3.6,2.6,3,3.6,2,3,3.5,3,3.8,3.4,2.8,3.4,3,3,2.33,.,2.82,2,3,3,3,3.6,3.6,3.2,3.2,2.6,2.67,3.2,3,2.25,3.5,3.25,3,3,3,3,3,2.6,2.67,3.2,3.2,3
1116,0,14,.,.,.,.,.,.,.,.,.,.,.,2.25,2.25,2.25,2.6,2.6,2.6,2,2.6,2.4,2.6,2.33,2.2,2.2,2.75,2.75,2,2.8,3.2,2.2,2.8,2.8,2.8,1.33,2.2,1.8,3,1.75,2.25,2.8,2.4,2.4,2.4,1.4,2.4,2.33,3.6,2.8,2
1117,.,14,3,2.5,3,2.8,2.8,3.8,3.4,3.8,3,2.67,2.8,.,.,.,.,.,.,.,.,.,.,.,.,.,.,.,.,.,.,.,.,.,.,.,.,.,.,.,.,.,.,.,.,.,.,.,.,.,.
1118,0,15,2,3,3.75,3.2,3.4,4,4,4,3.4,2.33,2.8,3,3,3,3.4,4,4,3.8,4,3.2,3.4,3,3,3,3.5,3,3.75,3.6,4,4,3.6,4,3,3,3,3,3.25,4,4,4,4,4,4,4,2.8,2.67,3.2,3,3
1119,1,15,1.25,2.75,3.25,3,4,3.8,3.4,4,2.6,1.33,3,1.25,3,2.75,2.6,4,3.8,4,4,2.4,3.4,2,3,3,1.5,3,3.75,3.2,4,3.2,4,4,3,2.33,3.6,2.2,1.75,3,3.25,2.6,4,3.6,3.8,4,2.8,2,3.4,3,2.2
1120,0,14,4,2.5,4,3.4,4,2.2,4,4,3.6,4,3.4,4,2.5,4,3.4,4,2.4,4,4,3.6,3.8,3.33,3.4,3.4,.,.,.,.,.,.,.,.,.,.,.,.,.,.,.,.,.,.,.,.,.,.,.,.,.
1121,1,14,1.75,1.5,1.5,2,3.2,2.8,3.4,3.2,2.2,1.67,3.8,2,1.25,2,2,4,3,3.4,4,2.8,3.4,2,2.4,2.4,2,2,2,2,3.2,3,3.6,4,2.4,2,3.6,2.2,2,2,2,2,3.2,3,3,3,2,2,3.4,2.6,2.6
1122,0,14,3.75,3.75,4,3.8,2.4,2.8,3.8,3,2.2,4,2.6,.,.,.,.,.,.,.,.,.,.,.,.,3.25,.,.,.,.,.,.,.,.,.,.,.,.,2.5,2.75,2.25,2.8,3.2,2.8,2.2,2.6,2.6,2.67,2.4,2.8,2.2
1123,0,14,3.5,3.75,3.5,3.4,4,4,2.6,3.8,2.4,3.67,2.8,2.75,3.75,3.25,3.8,2.6,3.4,3.4,3.8,2.2,3.8,3,3,3,.,.,.,.,.,.,.,.,.,.,.,.,2.5,3,3,3,3,2.8,2.6,2.8,2.6,2.67,3.4,2.4,2.6
1124,1,14,3.5,3,3.5,3.6,3.8,3,3.2,4,3.8,3.33,3,3,3,3.5,3.4,3.8,3.6,3.6,4,4,2.6,3.67,3.6,3.6,3,2.75,3,3.2,3.2,3.8,3.2,4,3.8,3,3,3.6,3.25,3,3,3,3.8,3.2,2.8,4,3.8,3,2.8,3.4,2
1125,1,14,2,2.25,3.75,2.2,2.8,2.6,3,4,2.2,1.67,3,3,2.75,3.5,2.4,3.2,2.8,2.8,4,2.2,2.8,1.67,2.8,2.8,2.5,2.25,3,2.6,3.2,3,3.4,4,2.8,1,3,2.8,2.5,2.5,2.5,3,3.8,2.4,3.2,4,2.2,2,3.2,2.4,3.2
1126,1,16,2.25,2.25,3.25,2.4,2.8,2.8,3.2,3.8,2.4,2.33,3.4,3.5,3,3.25,3,2.8,2.4,2.8,2.6,3.2,3.6,2.67,2.2,2.2,2,2.5,3,3.4,3.2,3,3.8,4,2.6,2.33,3.8,2.4,.,.,.,.,.,.,.,.,.,.,.,.,.
1127,0,14,3,2.5,3,3,3.2,2.8,3.2,2.8,3,3.67,3,2.75,3,3.5,3,3.8,2.4,3.2,4,2.8,3,3.33,2.8,2.8,2.75,2.75,3,3,3.4,2.4,2.8,3.4,2.8,4,3.2,3,3,2.5,2.75,3,2.8,2.2,2.8,2.4,2.6,3.33,3.2,2.4,2
1128,1,14,3.25,3.5,4,3.6,3.8,3,3.8,4,3.4,4,3.2,3.5,3,3.75,3.4,3.8,3.2,3.6,4,3.8,3.4,4,3.4,3.4,3.25,3.75,4,4,4,3.8,3.8,4,4,4,3.8,3.8,3.25,4,4,4,4,4,3.6,4,3.8,4,3.6,3.6,3
1129,0,14,3.5,3,3,3.2,3.6,3.2,3.2,2.2,2.6,4,2.8,3.25,2.25,3,2.6,3.4,3.2,2.8,2,2.2,3.4,4,3,3,3.25,3,3,2.8,3,3,3,2,3,3.67,3,3,3,3,3,3,3,3,2.8,3,3.2,3.33,3.2,3,3
1130,0,14,3,2.5,3,3.2,1.6,2.8,2.8,2.6,2.6,4,2.6,3.25,2.5,2.75,3,2,3,2.8,3,3,2.8,3,2.6,2.6,3,2.5,3,3,2.6,2.8,3,3,3,3,2.8,3,3.25,2.5,3,3,2.8,3,3,3,3.6,3,3.2,3,2
1131,1,15,3,3.75,3.5,3.4,3.8,2.4,3.6,4,3.4,3,2.6,2.75,3.75,3.75,3,3.8,3,4,4,3,3,3.33,3.2,3.2,2.25,3.5,3.75,3.4,3.4,2.8,3.6,4,3.2,3.67,3.4,3.4,2,4,3.75,2.8,4,2.6,3.8,4,3.2,3.33,2.6,3.2,2.4
1132,1,14,3,4,4,3.2,4,3.4,3.8,2.2,2.8,2.33,2.8,3.25,4,4,3.8,4,3.6,3.2,2.4,2.6,2.6,1,4,4,2.75,4,4,4,4,4,3.6,2.6,2.4,1,3.4,3.8,3.75,3.75,4,3.8,4,3.8,3.4,3,2.4,1,3.4,3.6,3.6
1133,0,14,3.5,2.75,3.75,3.8,3.8,2.4,2.6,2.8,3,3,2.6,3.5,3,3,3.4,3.8,3.6,2.4,3,3,2.8,3.33,3.6,3.6,3.75,4,4,4,4,2.8,2.6,2.6,3.2,2,3.2,4,4,3.5,3.75,4,3.6,2.8,3,2.8,2.6,3.67,3,4,2
1134,0,14,2.75,3.75,3.75,3.6,4,4,3,3.6,3.6,3.33,3.4,3,4,4,3.6,4,4,3.4,4,3.2,3.6,1.33,3.6,3.6,3,4,4,3.8,4,4,3.2,3.4,3.8,2.67,3.6,3.6,.,.,.,.,.,.,.,.,.,.,.,.,.
1135,0,14,3,3,3.75,3.6,3.2,3.2,2.6,2.8,.,2,.,3,3.75,4,3.4,3.2,3,3,3,2.4,3,3,2.8,2.8,3,3,3.5,3.8,3.2,4,2.4,3,2,2.67,3,2.6,3.75,2.75,4,4,3,3.2,2.8,2.6,2.4,2.33,3.2,2.2,3
1136,1,14,2.25,3,3.5,3.5,3.2,3,3.2,3.8,3.2,3,3,3.25,2.75,3.25,3.6,3,3.4,3.4,3.4,3,2.6,3,2.4,2.4,3.25,3.25,3,3.4,3,3.8,3.6,4,3,3,2.6,2.8,.,.,.,.,.,.,.,.,.,.,.,.,.
1137,1,14,2.75,3,4,3.8,3.8,3.4,3.2,4,3.4,3.33,3.6,3.25,3,3.75,3.4,3.8,3.6,3.4,3.8,3.6,3.2,3,3.4,3.4,3,3,3.75,3,3.8,3.2,3.4,4,3.2,3,3.2,3.4,3,3,3.5,3,3.6,3,3.2,4,3.2,2.67,3,2.8,2.2
1138,0,14,2.75,3.75,3.5,2.8,3.6,3.8,3.4,3.4,2.4,4,3,2.5,2.25,3.25,2.8,3.4,3.4,3,2.4,2.4,3,3.33,2.2,2.2,3,2.5,3,2.8,3,3,2.8,2.8,2.6,3,2.6,2.6,3,2.25,3,3,3,3,3,3,2.6,3,2.8,2.2,3
1139,1,15,3.25,2,2.5,3,4,3,2.8,3.8,2.8,2.67,2.8,3.25,2.25,3.5,3,3.8,3.4,3.2,3,2.8,2,3,2,2,4,2.25,3,3.2,4,2.8,2.8,2.8,3,3,2.8,2.4,3.5,2.75,3,3.2,3.8,3.4,2.8,3,2.8,3,2.6,2.6,2.6
1140,0,14,2,1.5,3.67,2.75,3.2,3.2,3.2,1.8,2.6,3,2.4,3,3,3,3,3.2,3.6,2.8,3.2,3.2,2.8,3.33,2.6,2.6,3,3,2.75,3.4,3.2,3.8,3,3.6,2.8,2.33,3.2,2.8,3,3.25,3.5,3.4,4,3.4,3.2,3.8,2.8,3.67,3,3,3.8
1141,0,14,3.25,2,2.75,3,2.6,2.2,2.6,2.8,2.6,2.33,2.4,3.5,2.25,2.5,2.8,3,3,3,3,3.2,2.4,2.33,3.2,3.2,3.5,2,2.5,3,3.8,2.6,3,3.8,3.2,2,2.6,3.2,.,.,.,.,.,.,.,.,.,.,.,.,.
1142,0,15,3.75,4,4,4,3.2,3.6,3.6,3.2,4,4,3.4,.,.,.,.,.,.,.,.,.,.,.,.,.,4,3.25,4,3.8,2.8,3,3.6,4,4,4,3.2,3.6,4,4,4,4,3,3,3.6,3.2,4,4,3,3.6,4
1143,1,14,2.5,2.5,3,2.6,3.8,3,3.4,3.2,3.6,4,3.2,2.5,3,2.75,2.8,3,3.8,3.4,2.8,3,2.4,3.33,2,2,3,2.75,2.75,2.8,3.4,3.6,3.4,3.2,3.8,3.33,2.8,2.6,2.75,2.75,3,2.8,3,4,3.8,3.8,3.2,3.33,3,3,2.8
1144,0,14,3,3.25,3.5,3.2,3.8,3,3,3.8,3.8,4,3,3.25,4,3.75,3.4,4,3.8,3,3,3.8,2.6,3.67,3.2,3.2,3.25,3.5,3.75,3.4,4,3.6,3,3,3.8,4,3.4,3,3,3,3,3,4,3.4,3,2.8,3.8,4,3.4,3,2.8
1145,0,14,3.5,3.75,3.75,4,3.2,3.4,3.4,3,3.2,3.67,3,3.25,3.25,3.5,3.4,3,3,3,3,2.8,2.8,3,3.6,3.6,3.5,3.25,3.25,3.8,3,2.8,3.2,3,3.4,3.33,2.8,4,4,4,3.5,4,3.4,3.2,3.6,3.2,3.4,3.33,4,3.6,3.8
1146,0,14,2.25,2.75,3,2.6,4,3.8,3,4,3,2,1.8,3,2.75,3,2.8,4,4,2.8,4,2.8,3,3,3.6,3.6,3,3,3,3,4,4,3.2,4,2.8,2,1.4,3.4,2.5,2.25,2.75,1.8,3,2.8,1.6,2.6,3,2,2,3.4,1.4
1147,1,14,2.75,2.75,2.5,3,3.4,3,3,3.6,2.8,2,3,2.75,3,2.5,2.8,3.8,3,3,3.4,3.6,3,3,3.2,3.2,2.75,3,3,2.6,3,3,2.8,2.8,2.6,3,2.8,3,3,2.75,3,3,2.8,3,3,3,3.2,3,2.8,3,2.6
1148,0,15,4,4,4,4,4,3.4,4,4,3.4,3,4,3.75,4,4,4,4,3.8,4,4,3.4,3.6,3,4,4,4,4,4,4,4,4,4,4,3,3.33,3.6,4,3.25,3.25,2.5,2.4,2.4,2.8,2.6,2.6,3,2.33,2.6,2.6,2.6
1149,1,14,2.25,2.25,3,2.2,2.8,3.8,3.4,4,2.8,2,3,2.75,3.75,3.75,3.4,3.6,3,4,4,2,2.8,2.67,3,3,2.75,4,4,4,4,4,4,4,2.6,3,3.6,3,2.75,4,4,4,4,4,3.8,4,2.8,3,3.8,3.4,3
1150,0,14,3.25,2.25,2.5,2.2,3,3.4,2.6,3.8,3.2,3.67,2.8,3.75,2,2.25,2.6,3.6,3.6,3,4,4,2.8,4,4,4,3.75,2.25,3,3,3.2,3.8,3.6,4,4,4,3,4,4,2.5,2.75,3.8,3.8,3.8,3.6,4,4,4,3.6,4,2.6
1151,0,14,2,2.75,3.25,2.8,3.8,3.2,3.6,3.6,3,3,2.2,3,3,3,3,4,3,4,3.8,3.2,2.2,3,3.2,3.2,3,2.75,3.25,3,4,3.4,4,4,3.2,3,1.8,3.2,3,3,3.25,3,3.6,3.6,4,4,3,3,2.6,3.4,2.4
1152,0,15,2,2.5,3,2.8,3.8,3,3,3.8,2.8,1.33,3.2,2.5,3,3,3,4,4,3.6,4,3.6,3,1,4,4,3,3,3.25,3,4,4,3.8,4,2.4,1,3.4,3.8,.,.,.,.,.,.,.,.,.,.,.,.,.
1153,0,14,2,2,3.33,2.5,3,3.4,3.4,3.6,2.8,1,1.8,2.25,2,3,2,3,2.8,2.6,2.6,2.8,2.4,2.33,2.6,2.6,2,2.5,3,2.4,2.6,3.4,3,3.4,2.6,2.33,2.8,2.6,2.25,3,3,2.8,3,2.8,3.2,3,3,3,3,3,2
1154,0,14,4,3.75,3.25,4,3.2,2.4,3.6,4,2.4,4,2.4,4,1.5,3.5,3.8,3.4,3.4,3.2,4,2.8,2.2,3.67,3.6,3.6,3.75,2.75,3,3.4,2.2,2.6,2.6,2.6,2.4,3,2.6,3.8,3,3,3,3,3,3,2.8,3,2.4,3.33,2.6,3,3
1155,1,14,2.25,2.5,3.5,2.4,2.8,4,3.4,4,2.2,2.67,2.8,.,.,.,.,.,.,.,.,.,.,.,.,.,2.25,2.75,3.25,2.8,3.2,4,3.6,4,2.4,2.67,2.2,2.8,2.25,3,3.5,2.8,3,3,3,2.8,2.6,3,2.4,2.4,2
1156,1,15,2.75,3,3.25,3,4,4,3.6,4,4,3.33,4,3,2.75,3.25,3,3.8,4,4,4,3.8,3.6,4,3.6,3.6,3,2.75,3.75,3.4,4,4,4,4,4,4,4,3.4,3.25,3,3.5,3,3.8,3.6,4,4,3.8,4,4,3,2.4
1157,1,14,2.75,2,2.75,2.4,4,3.2,3.6,4,3.2,3,3.6,3,2,3,2.8,4,3,3.8,4,3.2,3.2,3,3,3,3,2.5,3.5,3,4,4,4,4,3.2,3.33,3.4,3.2,3,2,2.75,2.8,4,3.6,4,3.4,3,3.33,3.6,3.2,3.8
1158,1,14,3,3.75,3.75,3.8,3,3.4,4,4,3.6,3.33,3,3.25,3,3,3,3,3.2,3.4,4,3.8,3,4,3.2,3.2,3.25,3,3,3,2.8,3.2,3.2,4,4,4,3.2,3,3.25,3,3,3,2.8,3,3.6,4,3.6,4,3,3.4,3.2
1159,0,14,3,3,2.75,2.8,4,3.8,3.2,2.8,2.8,3,2.6,3.25,2.5,2.75,2.8,3.6,3.6,2.8,2.8,3.2,3,3.33,2.8,2.8,3,2.5,2.75,2.6,3.8,4,2.8,4,3,2.67,3,2.6,2.75,2,2,2,3.8,4,2.4,4,2.8,3,3,3,2.8
1160,1,16,2.25,2,2.75,2,1.8,2.4,2.8,3.2,2.4,2,2.6,2.5,2.25,2.5,2.6,2.2,2.8,2.6,2.8,2.2,2.4,2.67,2.4,2.4,2.5,2.5,2.75,2.4,2.2,2.8,2.8,3,2.4,2,2.2,2.8,2.5,2.25,2.75,2,2,2.8,2.8,3,2.4,2.33,2.4,2.6,3
1161,1,14,.,.,.,.,.,.,.,.,.,.,.,.,.,.,.,.,.,.,.,.,.,.,.,3.43,.,.,.,.,.,.,.,.,.,.,.,.,.,.,.,.,.,.,.,.,.,.,.,.,.
1162,1,14,.,.,.,.,.,.,.,.,.,.,.,.,.,.,.,.,.,.,.,.,.,.,.,.,.,.,.,.,.,.,.,.,.,.,.,.,2,2.75,2.75,3,3,3,3,3,2.6,2.33,2.8,2.8,3
1163,1,16,.,.,.,.,.,.,.,.,.,.,.,.,.,.,.,.,.,.,.,.,.,.,.,.,.,.,.,.,.,.,.,.,.,.,.,.,.,.,.,.,.,.,.,.,.,.,.,.,.
1164,1,14,2.5,2,2.5,2.8,3.5,3.33,3.5,3.67,2.2,3,2.4,2.75,2.75,3,3.4,3.6,3.8,4,3.8,3.2,4,2.67,4,4,.,.,.,.,.,.,.,.,.,.,.,.,2.25,2.75,3,2.8,4,3.8,3.8,2,2.8,3.33,3.8,3.8,4
1165,0,15,3.75,3.5,4,2.8,3,3.33,4,3,3.4,4,4,.,.,.,.,.,.,.,.,.,.,.,.,2.94,.,.,.,.,.,.,.,.,.,.,.,.,.,.,.,.,.,.,.,.,.,.,.,.,.
1166,1,20,1.75,3,3.25,2.4,4,2.6,2.8,3.8,2.6,2.67,2.6,1.75,3.75,3.25,2.8,4,2.6,2.6,4,2.2,3.4,2.67,.,3.13,2.75,3.5,3.75,3,4,3.2,2.6,4,2.2,3.33,2.8,2.4,2.5,4,4,3.6,4,3.4,2.8,4,2.4,3.67,3.2,2.6,3.2
1167,1,14,3,3.5,4,3.6,4,4,4,3.4,3.4,2.67,3.6,3,3.75,4,3.6,4,4,3.8,4,3.2,3.4,3.67,.,2.91,.,.,.,.,.,.,.,.,.,.,.,.,3,3.25,3.75,3.2,4,4,4,4,3.4,4,3.4,3.4,3
1168,0,14,3,3,3,3,4,3.2,3.4,3.6,2.6,1.67,3,3,2.5,3,2.6,4,3,2.8,3,2.2,3,2.33,.,3.34,3,2.75,3.5,3.4,4,3.4,3,3.4,2.6,2.33,3.4,2.6,2.75,3.75,3.25,4,3.6,3.2,2.8,3.2,2.6,1.33,3.8,2.8,2.2
1169,1,14,3.25,3.25,3.25,3.2,3.8,3.4,2.6,2.4,2.4,2.33,3.4,3.25,3.5,3.25,3.4,4,3,3.2,3,3,3.4,2.67,.,3.69,3.25,3.5,3.75,3.4,3.6,3,3,3,3.2,3,3,3,3,3,3.5,3.6,4,3.2,3,3,3.2,3,3.2,3.4,2.8
1170,1,15,1,1,2,1,2,3,2.2,4,2,1.67,3,2,1,1.75,1.8,1,3,2.4,3.8,2.6,3,1.33,.,2.24,.,.,.,.,.,.,.,.,.,.,.,.,1,1.25,1.75,1.4,1.8,3,2,3.8,2.2,1,3,2.4,1.6
1171,1,14,3,3.5,4,3.4,3.8,4,4,4,3.4,2.67,3,3.5,2.25,3.75,3.2,3.2,4,3.6,2.8,2.8,3.4,3,.,3.66,2.75,3,4,3.8,3.8,4,3.6,4,3.4,3,2.6,2.4,3.25,2.25,3.5,3,3.6,2.8,3.4,4,2.4,3.33,2.4,2.6,3.2
1172,.,14,2,2.25,2.5,3.2,3,3,2.4,2.4,2.6,3,2.6,.,.,.,.,.,.,.,.,.,.,.,.,.,.,.,.,.,.,.,.,.,.,.,.,.,.,.,.,.,.,.,.,.,.,.,.,.,.
1173,.,14,2.75,3.75,3.25,2.6,2.2,2.2,2.4,1.2,1.8,3.33,2.4,.,.,.,.,.,.,.,.,.,.,.,.,.,.,.,.,.,.,.,.,.,.,.,.,.,.,.,.,.,.,.,.,.,.,.,.,.,.
1174,0,15,3.5,3.5,3.75,3.4,3.2,3,2.8,3.6,2.6,3.33,3.2,3.25,3,3.25,3.4,2.6,2.8,2.4,2.2,3,3,2.33,.,2.95,3,3,3,3,3,3,2.8,3,3,3,2.8,3,3,3,3,3,3,3,2.8,3,3,3,3,3,2.8
1175,0,16,3.25,4,4,3.2,3,2.5,3.25,2.75,.,2.67,.,.,.,.,.,.,.,.,.,.,.,.,.,2.78,4,4,4,4,4,4,4,4,3.6,3.67,3.6,4,.,.,.,.,.,.,.,.,.,.,.,.,.
1176,0,14,3.75,2.5,3.75,3.8,3.8,3,4,4,3.2,3.33,4,3.75,3,3.25,3.2,4,4,3.8,4,2.8,2.2,4,.,3.11,3.75,4,4,4,4,4,3.8,4,3.4,4,3.4,2.4,3.5,2.75,3.75,3.8,3.8,3.6,4,4,3.6,4,3.6,2.4,4
1177,0,15,4,4,4,4,3.2,2.8,2.8,2.8,2.4,4,3,3,2,2.75,3.4,1.6,2.2,2.4,2.6,2,3.2,2.33,.,3.45,4,4,4,4,4,4,4,4,4,4,4,4,4,4,4,4,4,4,4,3.4,3,4,3.6,3.6,4
1178,0,15,3.75,2.5,2.5,4,3.6,3.2,3.4,3.2,3.2,3.33,3.2,.,.,.,.,.,.,.,.,.,.,.,.,.,3.5,3.25,3,3.2,3.4,2.8,3,2.8,2.8,4,2.8,3,2.5,2.25,2.75,2.8,3,2.8,3.4,2.8,3,3,2.2,3.2,3.4
1179,0,14,3.25,3.25,2.75,2.6,3,3,3,3,2.8,3,3,3.25,3.75,3.75,3.6,3.4,3,3,2.8,2.8,3,3,.,3.07,3.75,4,3.75,3.8,3.2,3.2,3.2,3.4,2.8,3.67,3,2.6,4,4,4,4,4,4,4,4,3.4,4,3.4,3.2,3.4
1180,0,14,3.75,4,3.75,3.6,2.4,2.6,3,2.4,2.4,2.67,3,3.25,2.25,2.5,2.8,2.2,2,2.4,2.6,3,2.8,2.67,.,2.67,4,4,4,4,3.2,3,3.2,3.8,3.2,3.33,2,4,.,.,.,.,.,.,.,.,.,.,.,.,.
1181,1,14,1.75,2,3,2,4,2.8,3.6,4,3.6,1,4,1.75,2,3.75,2,4,4,4,4,3.6,3.2,1,.,3.76,1.75,2.5,3.5,2,4,4,4,4,3.8,1,4,4,1.5,2,3.75,2.2,4,4,4,4,4,2.33,4,4,1.2
1182,0,14,2,3.25,2,2.8,3.4,3.4,2.4,2.2,2.4,2,3.2,2.5,2.75,2.75,2.6,3,3.2,2.2,2.4,1.8,1.2,3,.,3.11,1.5,1.75,1.5,1.4,3.8,3.4,3.2,3.2,2.4,1.33,1.2,3.2,1.5,1.75,1.5,1.8,3,3.2,2.2,2,2.2,2.33,1.4,3.4,1
1183,0,14,3.25,3.75,3.75,3.6,3.6,3.8,4,3.8,2.6,2.33,4,3,2.75,3,3.2,3.8,4,4,4,3,3.6,2.33,.,3.34,2.5,2.25,3.25,2.6,4,4,4,4,3.2,3,3.2,3.8,4,1.75,2.75,3,2.4,2.8,2.6,2.6,3.8,3,2.2,2,2.2
1184,0,14,2.5,2.75,3,2.4,3.2,2.6,2.4,2.8,2.6,2.33,2.8,2.75,2.5,3,2.2,2.2,2.8,2.6,2.4,2.2,2,2.33,.,3.82,3,3,2.75,2.8,2.2,2.8,2.8,2.6,2.2,2,2.2,2.4,2.75,2.75,2.75,2.8,2.4,2.6,2.4,2.4,2.6,2.33,2.6,2.6,2.8
1185,0,14,2.75,2.5,3.25,1.8,1.6,2.2,3.2,2,2.6,1,1.6,3.5,2,2.5,2,2,2.4,2.8,2,3.8,1.2,1,.,3.09,2.5,2.5,2.75,1.8,2.4,2.2,2.8,2.8,3.4,1,2.8,3,3,3,3.5,3.4,2,2,3.6,2.6,2.6,1,3,3,2.2
1186,0,14,4,2.25,2.75,3.8,4,3,2.6,3.8,3.8,3.67,2.2,4,1.75,3,4,4,2.6,2,2,3.6,2.6,4,.,1.44,4,2,3,3,4,3.4,2,2.6,3.4,4,2.2,4,4,1.75,3.25,4,3.4,3.4,2.6,4,3.4,4,3.2,4,2.2
1187,1,14,1.5,1.25,4,1.6,4,3,3.4,4,2,1,1.6,1.25,1.5,3.75,1.8,4,3.4,3,4,1.8,1.8,1,.,3.77,1,2.5,4,1.6,4,3.4,3.4,4,2,1,2,4,1.75,1.75,3.5,1.6,4,3.2,3.8,4,2,1.33,2,3.8,1
1188,0,14,2.25,3,3.25,3,4,3.4,2.8,2.6,3,3,3,2.25,2.75,3.5,3,4,3,3,2,3,3.4,3,.,2.32,2.25,3,3.5,3,4,3.6,2.6,3,3,3,2.8,3,2.25,2.75,3,3,3,3,3,2.4,2.8,3,2.8,3,2.4
1189,1,14,2.75,3,4,2.2,3.8,3.8,3.4,4,3.8,4,4,2.25,2.75,3.5,2.4,4,4,3.6,4,3.8,3.6,1.67,.,3.59,1.25,1,3.25,1.6,4,4,2.6,3,4,1,2.8,4,2,2.75,4,3,4,4,3.6,4,4,1,3.6,3.6,3.2
1190,1,14,2.75,3.5,3.75,2.8,3.6,3.8,4,4,3,1.67,4,1.25,3,3.25,2.4,3.4,4,3.4,4,1.8,3.4,1.33,.,3.64,2.25,3.5,3.5,3.4,3.6,4,3.8,4,2.2,1.67,3.8,3.6,2,3.5,3.5,2.4,3.6,3.8,3.4,4,1.6,1.33,3.6,4,3.4
1191,0,14,3.5,2.75,3.5,3.8,3.2,2.8,3.4,2.6,3.2,3,2.6,3.25,2.25,2.25,3,2.6,2.2,3.4,2.4,2,2.4,3.67,.,1.5,4,4,3.75,3.6,4,4,3.4,2.2,3.2,4,3.4,3.2,4,4,4,4,3.4,3.4,3.6,3,2.8,4,2.6,3.2,3.4
1192,0,14,3.25,4,4,3.4,2.8,3.2,3.4,3.4,2.8,4,2.8,2.75,2,2.5,2.6,2,2.6,3,2.4,2.8,2.8,3.33,.,2.1,2.5,2.25,3.25,2.8,3.2,3,3.2,3.8,2.4,3,2.2,4,3,1.75,2.5,2.4,2.8,2.6,2.6,2,2.4,2.33,2.4,2.2,2.8
1193,0,14,4,4,4,3.4,2.2,2.8,2.2,2.2,2.2,4,2.2,.,.,.,.,.,.,.,.,.,.,.,.,3.7,.,.,.,.,.,.,.,.,.,.,.,.,4,3.75,3.75,3.8,4,3,3.8,4,4,4,3.8,4,4
1194,1,14,2.5,3,3.25,2.8,2.4,2.8,3,3.4,2.6,3,2.6,2.5,3,3,3,2,3,3,3,2.8,2.8,3,.,2.56,2,2.25,2.25,2.8,2,2,2,3,2.6,3,2,2.6,2.25,2,2.75,2,1.2,2.2,3.2,4,2.8,2,2,3.8,2
1195,0,14,2.75,3,2.5,3,3.4,2.2,2,1.8,2.8,3,2,3.25,3,2.25,3,3,1.8,2.4,2.8,2.6,2,2.67,.,2.75,3.25,2.5,2.5,3,3.6,2,2.4,2.6,3.4,3,2.2,3,3,3,2.75,3,3,2,2.8,3,2.8,3,2,3,2.6
1196,0,15,4,3.25,4,4,3.8,3.6,3.2,3.8,3.8,4,3,4,3,3,3.2,2.8,3.4,2.4,2.2,3.2,2.2,3,.,2.78,4,4,4,4,3.2,4,4,4,3.4,4,3,3.4,4,4,4,4,4,4,4,4,4,4,3.4,4,4
1197,0,14,3.75,3,4,3.6,3.6,3.6,2.6,3.6,3.2,3.67,3.4,4,2.5,3.5,3.4,4,4,3,4,4,3.8,4,.,3.64,3.75,2.75,3.75,3,4,4,2.8,4,3.8,3,3.6,4,.,.,.,.,.,.,.,.,.,.,.,.,.
1198,0,14,2.5,3.25,3.25,2.8,3.4,3.8,2,3.2,2.2,1,2.2,.,.,.,.,.,.,.,.,.,.,.,.,3.54,.,.,.,.,.,.,.,.,.,.,.,.,.,.,.,.,.,.,.,.,.,.,.,.,.
1199,0,14,3.75,3.25,4,3.4,3.8,3.2,3.4,4,3.8,1,2.8,3.25,2.75,3.25,3.4,3.8,2.4,3,4,3.6,2.4,3,.,2.41,3.75,2.5,3.25,3.2,3.2,2.8,3.4,4,3.6,1,2.2,3.2,3.75,2.5,3.25,2.6,3.4,3,3.4,4,3.6,1.33,1.8,3.6,3.6
1200,1,14,3,3,3.25,2.8,4,4,3.8,4,3.8,3.67,3,3.5,3.5,3.5,2.8,4,3.4,3.8,4,3.8,2.8,4,.,2.72,3.5,4,3.75,3.2,4,4,3.8,4,4,4,3,3.6,3.75,2.75,4,3,4,4,3.8,4,4,4,3,3.8,3.4
1201,0,14,3.75,3.5,3.5,3.8,2.4,2.8,2.8,4,3.6,4,2.4,3,3,3.25,3,2.2,2.8,2.8,3,3.2,2.2,3.33,.,3.28,3,3,3,3,3,3,2.8,3,3.6,3.33,3,3.8,4,4,3.5,4,2.2,3.6,3.4,3.4,4,4,2.8,4,1.8
1202,1,14,2.75,2,3,2.2,3.4,2,2.6,2.8,3.2,2.33,2.4,2.75,2,2,2,3.2,1.6,3,4,3.8,2.4,3,.,2.93,2.75,2,2.25,2.2,2.8,1.4,2.2,4,3.6,3,2.6,3,3,2,3.5,2.6,3.2,1,3.2,4,4,2.33,2.4,3.8,2.4
1203,0,14,4,4,4,4,4,4,3.4,4,4,4,4,4,3,4,4,4,3.4,4,4,4,3.4,4,.,3.58,4,4,4,4,4,4,4,4,4,4,4,4,4,3.75,3.75,3.8,4,3,3.8,4,4,4,3.8,4,4
1204,0,15,2.25,2,3.5,2.4,2,3.2,2.4,3.2,2.8,3.33,1.8,.,.,.,.,.,.,.,.,.,.,.,.,2.88,3.75,2,1.25,2.2,3.6,4,2.4,3.2,3.4,4,3.2,3.2,.,.,.,.,.,.,.,.,.,.,.,.,.
1205,1,16,2.75,1.75,3.25,2,4,3.6,3.6,4,3,3,2,2.75,1.5,2.25,1.8,3.8,4,3.6,4,3.4,2,3,.,3.25,3,2,2.75,2,3.8,3.2,3.2,3.6,3,3,2,4,3,2,3,1.8,3.8,3,3.4,3.8,3.2,3,2,3.8,3
1206,.,14,2.25,2.5,2.25,2,2.8,2.8,3,2.2,2.2,2.67,2.6,.,.,.,.,.,.,.,.,.,.,.,.,.,.,.,.,.,.,.,.,.,.,.,.,.,.,.,.,.,.,.,.,.,.,.,.,.,.
1207,0,14,3,3.75,3.5,3,2.8,2.8,3.2,2.6,3.6,2,2.4,3,3,3.25,3.2,3.2,3,3.2,3.4,2.6,2.6,2.33,.,3.38,3,3,3,3,3.4,3.4,3.6,3.6,2.8,3,2.6,2.6,3,3.25,3,3,3,3,3,3.2,2.8,2,1.8,3,3
1208,1,14,2,1.5,2.5,1.6,3.6,3.6,3,3.4,2.8,1.33,2.8,2,1.75,2.5,1.6,3.4,4,3.2,4,2.6,2.8,3.33,.,2.58,2.75,2.5,2.75,2.6,3.6,3.8,3.4,4,2.6,3,3,3,2.25,2.25,2.5,2,3.2,3,2.8,2.8,2.4,2,2.6,3,2.2
1209,1,14,1.5,2.25,3.25,2.4,3.8,3.4,3,4,2.6,1.33,3.2,2.25,2,2.5,1.8,3.4,3.8,3.4,4,2.4,3.2,1.33,.,3.41,2.25,2.75,3,2.8,2.6,2.4,2.6,2.6,3.2,2.33,3,3,2.25,3,2.75,2.4,2.6,2.2,2.4,2.6,2.4,1.67,3,2.6,2.4
1210,0,14,3.5,2.75,3,3.2,3.8,3.2,3.4,3.6,3.4,3,2.8,3,3,3,3.2,4,2.6,3.6,4,3.8,2.2,2.33,.,3.48,3,2.75,3.25,3,3.8,3.2,3.8,3.8,3,2.33,2.8,2.8,3.25,2.5,3,3.6,4,4,4,4,3.4,2.67,2.8,3,3.4
1211,0,14,4,3.5,3.75,4,4,3.4,3.8,4,3.4,3.67,3.8,3.75,4,4,3.8,4,4,4,4,3,3.8,4,.,3.49,3.75,3.75,4,4,4,4,4,4,3.6,4,3.4,3.6,3.75,3.75,4,4,4,4,3.8,4,3.6,4,3.6,3.8,3.8
1212,1,15,1,1.5,3,1.6,3.8,3,2,3.2,1,1,1.6,1.25,3,3.25,1.6,4,2.4,3.2,3.2,1.6,1,1,.,3.4,1.25,3,2.5,1.8,3,2,2,3,1,1,1.6,.,1,3,3,1,2.4,2,2.4,3,1.6,1,1.6,2.8,3.4
1213,0,14,2.5,3,3.5,3,3.2,2.6,3.4,3.2,2.6,3.33,2.6,2.5,3.25,3.25,2.6,3.2,2.6,3.8,3.4,2.6,2.4,3,.,2.49,3,3.25,3,3,3.2,2.8,3.2,3,2.8,3,2.4,3.8,4,4,4,4,4,4,4,3.4,3.4,4,4,3,4
1214,0,14,4,4,4,4,3,3.4,3.4,3.4,3.2,4,3.8,.,.,.,.,.,.,.,.,.,.,.,.,.,4,4,3.75,3.6,3.4,2.8,3.4,3,3.4,4,4,3.4,4,4,3.5,4,3.2,2,3.8,3.8,3.4,4,3.6,3.4,3.4
1215,0,14,3,3.5,4,3.4,3.8,2.4,3,3.6,3.2,3,3.6,3.25,3.5,3.5,3.6,4,2.8,3,3.4,3.6,4,3.67,.,2.91,3,3.25,3.5,3.4,4,3.2,2.8,3,3,4,3.8,4,3.5,4,3.75,3.4,4,3.2,3.4,3.2,3.2,4,4,4,3.2
1216,0,14,3.25,4,4,4,4,3.4,4,4,3.6,4,3.6,4,4,4,4,4,4,4,4,3.6,3.8,3,.,3.74,4,4,4,4,4,4,4,4,3.6,3,4,3.8,.,.,.,.,.,.,.,.,.,.,.,.,.
1217,0,15,4,3.25,4,3.8,3.8,3.4,4,3.8,3.4,3.33,2.6,3.25,3.5,4,3.4,3.4,3.6,3.4,3,3.6,2.4,3.33,.,2.69,3.5,4,3.5,4,2.8,3.6,3.6,3.2,3.4,3.67,2.2,3.2,3.25,3,3.25,3,3.6,3,3.4,3.6,3,3.33,2.6,3,2.8
1218,1,14,2,2.75,3.75,2.6,4,3.2,3.6,4,2.6,1,2.6,2.75,3,3.25,2.2,3.8,3.4,3.6,4,3,2.6,2.33,.,3.01,2.25,3,3.5,2.6,3.8,4,4,4,3,2,3.2,3.4,.,.,.,.,.,.,.,.,.,.,.,.,.
1219,0,14,2.75,2.5,3.25,3.4,3.6,2,2.4,2,3,3.33,2.4,3.25,2.25,3,3.8,3.8,2.4,2.4,1.6,3,3.2,3.33,.,1.28,3.25,2,2.5,3.2,3,2,2.8,2.2,3.8,3,2.6,3,.,.,.,.,.,.,.,.,.,.,.,.,.
1220,0,14,3,3.25,3.25,3.6,3.4,3.2,3.4,2.8,3,3.67,3.2,3,3.5,3.25,3.8,3.2,3.4,3.4,3,3.4,3.2,3.33,.,2.78,3.25,4,3.75,4,3.4,3.8,3.4,3.2,3.2,3.67,3.8,3,3.5,4,3.75,4,3.8,3.8,3.6,4,3.4,4,3.8,3.2,3.8
1221,1,15,2.5,2.25,3,2.6,2.8,3,3,3,2.8,3,3,2.75,2.25,3,2.8,2.8,3,3,3,2.8,3,3,.,2.98,3,3,3,2.8,2.8,3,3,3,2.8,3,3,3,3,2.75,3,2.6,3,3,3,3,2.8,3,3,3,3
1222,1,14,1.75,1.25,2.75,1.6,2.8,3,3.2,4,2,2,2.6,2,1,2.5,1.6,3,3.6,3,3.8,2.8,2.8,3,.,3.21,2,1,2.5,2,3.4,3.2,3,4,2.6,2.67,2.6,2.6,1.75,1,1.75,1.6,3.2,3.6,3,4,2.6,3,2.4,2.8,1.4
1223,0,14,3.25,3.5,3.5,3.8,3.8,2.8,4,3,2.6,2.67,3,3.75,3,3.5,3,3.4,3,3.4,3.2,2.4,2.8,3,.,2.96,3.5,3.75,3.75,3.2,3.6,3.2,3.4,3.2,2.6,3.33,3,2.6,3.25,3.75,3.25,3.2,3.8,3.4,3.4,3,2.4,3.33,2.8,4,3.2
1224,0,14,2.75,2,3.25,2.8,3.8,3.8,3,3.2,3.2,4,3.4,2.75,2.5,3,2.6,3.8,3.4,2.8,3,2.6,2.4,3.67,.,3.07,3.25,2.5,3.25,3,4,3.2,2.8,3,3.2,4,2.8,3.4,3.25,2.5,3,3,4,3.8,2.8,3,3.2,4,2.8,3.2,2.6
1225,0,14,3,2.75,2.75,3.2,2.8,2.8,2.8,3,2.8,4,2.8,3.75,3,3.75,4,4,3.4,4,4,3.6,3.2,4,.,3.18,3,2.75,3,3,3,3,3,3,3.4,3.33,2.8,3,4,4,4,4,4,4,4,4,4,4,4,3,3.2
1226,1,14,2.25,2,2.75,2.2,4,3,3.2,4,3.6,3,3.4,2.25,2,2.5,2,3,3,3.4,4,2.8,2.6,3,.,3.22,2.75,2.75,3,2.8,4,4,3.8,4,3.4,4,2.8,4,3,2.25,3.5,2.8,3.4,4,3.6,4,3.4,4,4,3.8,2.8
1227,1,15,2,4,4,2.4,2,2.8,3.4,4,2.2,2,2.8,.,.,.,.,.,.,.,.,.,.,.,.,.,2.25,3,3.25,3,2.2,2.2,3.2,3,2,2,2.4,3,2,3.25,3.25,2,2.2,2.2,2.6,3,2,2,2.8,2.2,3
1228,0,14,3,2.25,3.75,3,2.6,3.4,3.6,4,3.4,3.67,3,3,2,3.25,2.8,3,3.2,3.4,3.8,3.4,2.8,3,.,3.4,3,2,3.25,2.8,3,3.6,3.4,4,3.4,3,3,4,.,.,.,.,.,.,.,.,.,.,.,.,.
1229,1,17,3,3.75,4,3,3.2,3.2,3.6,4,2.6,1,1,3,4,3.75,3.8,3.6,3.8,3.6,4,2.8,1.8,1,.,3.67,2.75,4,4,3.6,3.6,3,3.6,4,2,1,1,3,3,3.5,3.75,3.4,3.4,3.2,3.8,4,2.6,1,1.2,3.2,4
1230,1,14,2.75,1.75,3.25,2.8,2.4,3,3,4,3.2,3.33,2.4,2.75,2.25,3,2.2,3.4,3.6,3,4,2.8,2.8,3,.,2.62,3.5,2.25,3.25,2.4,2.6,3.4,3.4,4,3,3.33,2.4,2.6,3.5,2.25,2.75,2.6,2.6,2.6,3,3.4,2.8,3.33,2.8,2.8,2.6
1231,1,14,2,2,3,1.8,3.4,3.2,2.8,4,2.8,2.33,2.6,2,2,2.25,2,3,3,2.6,4,2.6,2.8,2.67,.,3.62,1.75,2,2.25,2.6,3.6,3.6,3,3.8,2.4,3,2.6,3,2,2,2.5,2,3.6,2.8,3.2,4,2.2,2.67,2.8,3,2
1232,0,14,2.75,3.5,3.25,3.6,3,3,2.8,3.4,2.8,3.33,3.2,.,.,.,.,.,.,.,.,.,.,.,.,.,4,4,4,4,4,4,3.4,4,2.8,2,3.6,4,3,3.5,3.5,3.6,3.8,3.8,3,4,2.8,2,2.6,2.8,4
1233,0,14,2.75,3,3,3,3.8,2.8,3.2,2.8,3.4,3,3.4,3.25,2.5,3.25,3,3.8,3,3,2.2,3.2,2.8,3,.,1.97,3.5,3,3,3.4,3.8,3,3,3,3.6,3.67,3.2,3.8,3.5,2.75,3.25,3.2,3.8,3,3,2.8,3.2,3,3,4,3
1234,1,14,2,2.5,3.25,2,2.2,3.4,2.2,4,2.8,2,3,2,2.5,3,2,3,3,2.6,3,2.6,2.6,1.67,.,2.64,2,2.5,3.5,2.8,3.2,3,3,3.4,3,2.33,2.6,2.8,2,3,3.5,2.8,2.4,3,3.2,4,2.4,2,3,2.2,2.8
1235,1,14,.,.,.,.,.,.,.,.,.,.,.,2.5,2.5,2.75,1.6,2.4,2.4,2.6,3.2,2,3.2,3.33,.,3.57,.,.,.,.,.,.,.,.,.,.,.,.,2.75,2.25,3,2,2.8,2.6,2.2,1.8,3.2,3,3.2,1.8,2.6
1236,0,15,.,.,.,.,.,.,.,.,.,.,.,4,4,4,3.6,3.4,3,3.6,4,3,3.4,3,.,3.41,2.5,3,3,3,3,2.8,2.8,3,3,2.33,2.4,2.8,2.75,2.5,2.5,2.8,3,3,2.8,3,2.8,2.33,2.8,2.6,2.6
1237,0,14,.,.,.,.,.,.,.,.,.,.,.,3,3,3,3,3,2.8,3,3,3.2,2.6,3,.,2.76,3,3,3,3,3,3,3,3,3,3,3,2.8,3,2.25,3.5,3.4,3,3,3,3,2.4,3.33,2.4,3,2.8
1238,0,14,.,.,.,.,.,.,.,.,.,.,.,3.5,2.5,3.25,3.8,4,2.8,3.6,2.8,2.4,3,3.33,.,2.57,.,.,.,.,.,.,.,.,.,.,.,.,.,.,.,.,.,.,.,.,.,.,.,.,.
1239,0,14,.,.,.,.,.,.,.,.,.,.,.,4,3,2.75,3,4,2.4,2.8,2.2,2.8,3,3.33,.,2.86,.,.,.,.,.,.,.,.,.,.,.,.,.,.,.,.,.,.,.,.,.,.,.,.,.
1240,1,15,.,.,.,.,.,.,.,.,.,.,.,2.75,3,3.5,3.2,4,3.8,3.6,4,3.2,3,3,2.8,2.8,3.25,2.25,3.25,3.2,4,3.4,3.8,4,3,2,3.2,3.4,3.5,2.5,3.75,3.2,3.8,2.8,3.8,4,3,3,3.2,3.4,3
1241,0,14,.,.,.,.,.,.,.,.,.,.,.,2.75,2.5,4,3.2,3.8,3.2,3.6,4,3.4,3.4,2.33,4,4,3.25,4,4,3.6,4,4,3.8,4,3.6,3,3.2,4,4,4,4,3.4,4,4,4,4,3.6,4,3.4,4,4
1242,1,17,.,.,.,.,.,.,.,.,.,.,.,2.25,2.5,3.25,2.4,3.2,3.8,3.8,4,2.8,2.6,3.33,2.8,2.8,.,.,.,.,.,.,.,.,.,.,.,.,3,4,3.75,3.8,4,4,4,4,2.2,4,4,3.2,3.6
1243,0,15,.,.,.,.,.,.,.,.,.,.,.,4,4,4,4,4,4,4,4,4,3.4,4,4,4,.,.,.,.,.,.,.,.,.,.,.,.,.,.,.,.,.,.,.,.,.,.,.,.,.
1244,1,14,.,.,.,.,.,.,.,.,.,.,.,2,4,4,4,3.8,3.8,3.6,3.8,3,3.2,2.67,3.4,3.4,1.75,4,4,3.4,3.2,3.6,3.4,4,3.2,1.67,2.6,4,2,4,4,3.2,3.8,4,3.8,4,3.2,2.67,3.2,3.8,3.4
1245,1,14,.,.,.,.,.,.,.,.,.,.,.,.,.,.,.,.,.,.,.,.,.,.,.,.,1.25,2.5,2.75,1.4,1.8,3,3.2,3.6,1.6,1.67,3,2,.,.,.,.,.,.,.,.,.,.,.,.,.
1246,0,14,.,.,.,.,.,.,.,.,.,.,.,.,.,.,.,.,.,.,.,.,.,.,.,.,3.25,2.25,3.5,3.4,3.6,3.6,3.6,3.2,3.4,3.67,3.4,2.6,.,.,.,.,.,.,.,.,.,.,.,.,.
1247,0,14,.,.,.,.,.,.,.,.,.,.,.,.,.,.,.,.,.,.,.,.,.,.,.,.,2.25,2.5,3.75,3,2.8,1.8,2.6,2.6,2.6,2.67,3,2.8,3.25,2.5,1.75,2.8,2.6,2.8,2.4,1.4,3,3.33,3.2,2.4,2.4
1248,1,15,.,.,.,.,.,.,.,.,.,.,.,.,.,.,.,.,.,.,.,.,.,.,.,.,2,2.75,3.25,3,3.4,3.2,3.6,4,2.4,1.67,2.8,2.8,.,.,.,.,.,.,.,.,.,.,.,.,.
1249,0,14,.,.,.,.,.,.,.,.,.,.,.,.,.,.,.,.,.,.,.,.,.,.,.,.,2,2.5,2.5,2.6,2.2,2.4,2.4,2.6,2.6,2,3,2.8,2.75,2,2.5,2.8,2.8,3.2,3.2,2.4,2.2,2.67,1.4,2.6,2.8
1250,1,17,.,.,.,.,.,.,.,.,.,.,.,.,.,.,.,.,.,.,.,.,.,.,.,.,3,2.5,2.75,2.8,3.6,3.2,3,3.4,3,1.67,2.8,2.4,.,.,.,.,.,.,.,.,.,.,.,.,.
1251,0,15,.,.,.,.,.,.,.,.,.,.,.,.,.,.,.,.,.,.,.,.,.,.,.,.,2.75,3,3,3.2,2.4,2.8,2.4,2.6,2.6,2.33,1.8,3,2.75,2.5,3,3.4,3,2.2,2.8,2.6,2,3.33,1.6,3,2.6
1252,0,16,.,.,.,.,.,.,.,.,.,.,.,.,.,.,.,.,.,.,.,.,.,.,.,.,2.25,3.25,3.25,2.2,3,2,2.6,2.8,2.4,1.67,2.2,2.2,2,3.5,3.75,2.4,2,2.8,2.4,3.6,2.4,3,2,2,2.6
1253,0,14,.,.,.,.,.,.,.,.,.,.,.,.,.,.,.,.,.,.,.,.,.,.,.,.,1.5,2.75,4,3,4,1.2,2.2,3.4,1.8,1,2.8,3,1.5,3,4,3,4,1,2.2,4,1.6,1,3.4,2.2,1.6
1254,0,16,.,.,.,.,.,.,.,.,.,.,.,.,.,.,.,.,.,.,.,.,.,.,.,.,3.5,3.75,4,3.8,4,3.2,3.6,3.8,3.6,1.67,3.2,3.4,.,.,.,.,.,.,.,.,.,.,.,.,.
1255,0,15,.,.,.,.,.,.,.,.,.,.,.,.,.,.,.,.,.,.,.,.,.,.,.,.,3.25,4,4,4,4,3.8,2.4,4,1.6,2.33,3.4,4,2,4,4,3,3.8,3.2,3,3,2.2,1,4,3.2,4
1256,1,15,.,.,.,.,.,.,.,.,.,.,.,.,.,.,.,.,.,.,.,.,.,.,.,.,.,.,.,.,.,.,.,.,.,.,.,.,2.5,2.75,2.75,2.6,2.6,3,2.4,2.8,2.6,2,2.2,2.6,2.4
1257,0,15,.,.,.,.,.,.,.,.,.,.,.,.,.,.,.,.,.,.,.,.,.,.,.,.,.,.,.,.,.,.,.,.,.,.,.,.,3.75,4,4,4,4,4,3.4,4,3.8,4,3.2,4,3.2
1258,1,15,.,.,.,.,.,.,.,.,.,.,.,.,.,.,.,.,.,.,.,.,.,.,.,.,.,.,.,.,.,.,.,.,.,.,.,.,1.75,2.25,2.75,2.6,1.6,2.2,3,4,2.2,1,3,2.6,3.8
1259,0,15,.,.,.,.,.,.,.,.,.,.,.,.,.,.,.,.,.,.,.,.,.,.,.,.,.,.,.,.,.,.,.,.,.,.,.,.,2.75,2.75,1.75,1.6,2.4,2.8,2.4,2.4,2.6,3.67,1.8,2.6,2
1260,0,15,.,.,.,.,.,.,.,.,.,.,.,.,.,.,.,.,.,.,.,.,.,.,.,.,.,.,.,.,.,.,.,.,.,.,.,.,2.75,2.75,2.5,2.8,2.4,2.6,2.6,2.4,2.6,2.67,2.4,2.6,2.4
1261,0,15,.,.,.,.,.,.,.,.,.,.,.,.,.,.,.,.,.,.,.,.,.,.,.,.,.,.,.,.,.,.,.,.,.,.,.,.,3,2.25,2.75,2.6,2.2,3.2,2.6,3,2,2.67,2.4,2.4,2.8
1262,0,15,.,.,.,.,.,.,.,.,.,.,.,.,.,.,.,.,.,.,.,.,.,.,.,.,.,.,.,.,.,.,.,.,.,.,.,.,3,1.5,2,2,2.8,2.8,2.8,3,2.8,2.33,3.8,3,2
1263,0,15,.,.,.,.,.,.,.,.,.,.,.,.,.,.,.,.,.,.,.,.,.,.,.,.,.,.,.,.,.,.,.,.,.,.,.,.,2.75,1.75,2.25,1.8,2.4,3,3.2,2,2.8,4,3.4,2.4,3
